{
  "generated_at_utc": "2026-06-01T02:19:33Z",
  "method": "in_sample_replay",
  "levels": [
    80,
    50
  ],
  "min_residuals_per_horizon": 20,
  "calibration": {
    "method": "out_of_sample_chronological",
    "fit_fraction": 0.7
  },
  "by_horizon": {
    "1": {
      "n": 1341,
      "80": {
        "width_lo": -130647.97667829506,
        "width_hi": 143670.4733808306,
        "coverage_oos": 0.9205955334987593
      },
      "50": {
        "width_lo": -52064.01727047365,
        "width_hi": 45269.12044345221,
        "coverage_oos": 0.7468982630272953
      },
      "calibration": {
        "method": "out_of_sample_chronological",
        "fit_fraction": 0.7,
        "fit_n": 938,
        "check_n": 403
      }
    },
    "2": {
      "n": 1341,
      "80": {
        "width_lo": -1429250.294432324,
        "width_hi": 217175.55831366964,
        "coverage_oos": 0.5186104218362283
      },
      "50": {
        "width_lo": -1371379.713454247,
        "width_hi": 59354.648709209636,
        "coverage_oos": 0.22332506203473945
      },
      "calibration": {
        "method": "out_of_sample_chronological",
        "fit_fraction": 0.7,
        "fit_n": 938,
        "check_n": 403
      }
    },
    "3": {
      "n": 1341,
      "80": {
        "width_lo": -1534454.9062181916,
        "width_hi": 238931.385618628,
        "coverage_oos": 0.543424317617866
      },
      "50": {
        "width_lo": -1476259.763582432,
        "width_hi": 93531.42711909069,
        "coverage_oos": 0.2456575682382134
      },
      "calibration": {
        "method": "out_of_sample_chronological",
        "fit_fraction": 0.7,
        "fit_n": 938,
        "check_n": 403
      }
    },
    "4": {
      "n": 1341,
      "80": {
        "width_lo": -1538782.649552592,
        "width_hi": 264110.66748038726,
        "coverage_oos": 0.5533498759305211
      },
      "50": {
        "width_lo": -1479470.6930966615,
        "width_hi": 106886.95871151751,
        "coverage_oos": 0.2456575682382134
      },
      "calibration": {
        "method": "out_of_sample_chronological",
        "fit_fraction": 0.7,
        "fit_n": 938,
        "check_n": 403
      }
    },
    "5": {
      "n": 1341,
      "80": {
        "width_lo": -1549410.0493664832,
        "width_hi": 274601.44417675026,
        "coverage_oos": 0.5533498759305211
      },
      "50": {
        "width_lo": -1486236.9732989133,
        "width_hi": 110955.61784001114,
        "coverage_oos": 0.24813895781637718
      },
      "calibration": {
        "method": "out_of_sample_chronological",
        "fit_fraction": 0.7,
        "fit_n": 938,
        "check_n": 403
      }
    },
    "6": {
      "n": 1341,
      "80": {
        "width_lo": -1554954.4471677921,
        "width_hi": 281642.2678827611,
        "coverage_oos": 0.5533498759305211
      },
      "50": {
        "width_lo": -1489702.4222910306,
        "width_hi": 116340.96389766829,
        "coverage_oos": 0.24813895781637718
      },
      "calibration": {
        "method": "out_of_sample_chronological",
        "fit_fraction": 0.7,
        "fit_n": 938,
        "check_n": 403
      }
    },
    "7": {
      "n": 1341,
      "80": {
        "width_lo": -1560185.459163325,
        "width_hi": 282387.6498775943,
        "coverage_oos": 0.5459057071960298
      },
      "50": {
        "width_lo": -1490811.4002885816,
        "width_hi": 122652.42164277611,
        "coverage_oos": 0.2555831265508685
      },
      "calibration": {
        "method": "out_of_sample_chronological",
        "fit_fraction": 0.7,
        "fit_n": 938,
        "check_n": 403
      }
    },
    "8": {
      "n": 1341,
      "80": {
        "width_lo": -1571438.225894323,
        "width_hi": 288241.3569839946,
        "coverage_oos": 0.5459057071960298
      },
      "50": {
        "width_lo": -1506152.1943814866,
        "width_hi": 123945.45245609572,
        "coverage_oos": 0.2655086848635236
      },
      "calibration": {
        "method": "out_of_sample_chronological",
        "fit_fraction": 0.7,
        "fit_n": 938,
        "check_n": 403
      }
    },
    "9": {
      "n": 1341,
      "80": {
        "width_lo": -1581929.9596275578,
        "width_hi": 295590.3236610787,
        "coverage_oos": 0.5583126550868487
      },
      "50": {
        "width_lo": -1510563.9374437209,
        "width_hi": 126366.41919796355,
        "coverage_oos": 0.28287841191067
      },
      "calibration": {
        "method": "out_of_sample_chronological",
        "fit_fraction": 0.7,
        "fit_n": 938,
        "check_n": 403
      }
    },
    "10": {
      "n": 1341,
      "80": {
        "width_lo": -1590615.5942940575,
        "width_hi": 295590.3236610787,
        "coverage_oos": 0.5707196029776674
      },
      "50": {
        "width_lo": -1513855.4828279032,
        "width_hi": 125832.51697518071,
        "coverage_oos": 0.2853598014888337
      },
      "calibration": {
        "method": "out_of_sample_chronological",
        "fit_fraction": 0.7,
        "fit_n": 938,
        "check_n": 403
      }
    },
    "11": {
      "n": 1341,
      "80": {
        "width_lo": -1597036.9265703326,
        "width_hi": 296297.167588599,
        "coverage_oos": 0.5806451612903226
      },
      "50": {
        "width_lo": -1518755.6282360556,
        "width_hi": 129891.7653113096,
        "coverage_oos": 0.29280397022332505
      },
      "calibration": {
        "method": "out_of_sample_chronological",
        "fit_fraction": 0.7,
        "fit_n": 938,
        "check_n": 403
      }
    },
    "12": {
      "n": 1341,
      "80": {
        "width_lo": -1599980.4145902349,
        "width_hi": 298427.5737799634,
        "coverage_oos": 0.5806451612903226
      },
      "50": {
        "width_lo": -1520310.3038527248,
        "width_hi": 129891.7653113096,
        "coverage_oos": 0.3002481389578164
      },
      "calibration": {
        "method": "out_of_sample_chronological",
        "fit_fraction": 0.7,
        "fit_n": 938,
        "check_n": 403
      }
    },
    "13": {
      "n": 1341,
      "80": {
        "width_lo": -1601460.4172701319,
        "width_hi": 300541.8967686035,
        "coverage_oos": 0.5707196029776674
      },
      "50": {
        "width_lo": -1522542.0239508664,
        "width_hi": 130249.97696633311,
        "coverage_oos": 0.3027295285359802
      },
      "calibration": {
        "method": "out_of_sample_chronological",
        "fit_fraction": 0.7,
        "fit_n": 938,
        "check_n": 403
      }
    },
    "14": {
      "n": 1341,
      "80": {
        "width_lo": -1607156.6788287512,
        "width_hi": 301971.6893623229,
        "coverage_oos": 0.5682382133995038
      },
      "50": {
        "width_lo": -1529651.892555764,
        "width_hi": 131850.727189261,
        "coverage_oos": 0.3027295285359802
      },
      "calibration": {
        "method": "out_of_sample_chronological",
        "fit_fraction": 0.7,
        "fit_n": 938,
        "check_n": 403
      }
    },
    "15": {
      "n": 1341,
      "80": {
        "width_lo": -1608545.1084202034,
        "width_hi": 301415.65104528656,
        "coverage_oos": 0.5632754342431762
      },
      "50": {
        "width_lo": -1532422.1738508665,
        "width_hi": 132965.24945504265,
        "coverage_oos": 0.3076923076923077
      },
      "calibration": {
        "method": "out_of_sample_chronological",
        "fit_fraction": 0.7,
        "fit_n": 938,
        "check_n": 403
      }
    },
    "16": {
      "n": 1341,
      "80": {
        "width_lo": -1610557.0714830342,
        "width_hi": 300541.8967686035,
        "coverage_oos": 0.5607940446650124
      },
      "50": {
        "width_lo": -1535888.7978372965,
        "width_hi": 130407.7182069011,
        "coverage_oos": 0.3052109181141439
      },
      "calibration": {
        "method": "out_of_sample_chronological",
        "fit_fraction": 0.7,
        "fit_n": 938,
        "check_n": 403
      }
    },
    "17": {
      "n": 1341,