{
  "generated_at_utc": "2026-06-01T14:20:10Z",
  "method": "in_sample_replay",
  "levels": [
    80,
    50
  ],
  "min_residuals_per_horizon": 20,
  "calibration": {
    "method": "out_of_sample_chronological",
    "fit_fraction": 0.7
  },
  "by_horizon": {
    "1": {
      "n": 1341,
      "80": {
        "width_lo": -193536.12613333343,
        "width_hi": 169096.03986666678,
        "coverage_oos": 0.9503722084367245
      },
      "50": {
        "width_lo": -62514.68349781388,
        "width_hi": 51131.245481741615,
        "coverage_oos": 0.7841191066997518
      },
      "calibration": {
        "method": "out_of_sample_chronological",
        "fit_fraction": 0.7,
        "fit_n": 938,
        "check_n": 403
      }
    },
    "2": {
      "n": 1341,
      "80": {
        "width_lo": -202762.92745886813,
        "width_hi": 189991.53809544852,
        "coverage_oos": 0.9454094292803971
      },
      "50": {
        "width_lo": -66698.77264505182,
        "width_hi": 51851.52356111072,
        "coverage_oos": 0.7866004962779156
      },
      "calibration": {
        "method": "out_of_sample_chronological",
        "fit_fraction": 0.7,
        "fit_n": 938,
        "check_n": 403
      }
    },
    "3": {
      "n": 1341,
      "80": {
        "width_lo": -214790.72859166656,
        "width_hi": 191295.23030000087,
        "coverage_oos": 0.9429280397022333
      },
      "50": {
        "width_lo": -71546.00968198769,
        "width_hi": 52525.83689947403,
        "coverage_oos": 0.7766749379652605
      },
      "calibration": {
        "method": "out_of_sample_chronological",
        "fit_fraction": 0.7,
        "fit_n": 938,
        "check_n": 403
      }
    },
    "4": {
      "n": 1341,
      "80": {
        "width_lo": -217602.119974148,
        "width_hi": 197487.75289962377,
        "coverage_oos": 0.9379652605459057
      },
      "50": {
        "width_lo": -70585.30654532457,
        "width_hi": 58161.47918149165,
        "coverage_oos": 0.7741935483870968
      },
      "calibration": {
        "method": "out_of_sample_chronological",
        "fit_fraction": 0.7,
        "fit_n": 938,
        "check_n": 403
      }
    },
    "5": {
      "n": 1341,
      "80": {
        "width_lo": -229242.80179264396,
        "width_hi": 208246.36420393456,
        "coverage_oos": 0.9379652605459057
      },
      "50": {
        "width_lo": -72128.17412553425,
        "width_hi": 59217.25357223512,
        "coverage_oos": 0.7766749379652605
      },
      "calibration": {
        "method": "out_of_sample_chronological",
        "fit_fraction": 0.7,
        "fit_n": 938,
        "check_n": 403
      }
    },
    "6": {
      "n": 1341,
      "80": {
        "width_lo": -224283.70972601604,
        "width_hi": 205735.82359507913,
        "coverage_oos": 0.9404466501240695
      },
      "50": {
        "width_lo": -78085.43156376481,
        "width_hi": 61547.9185574461,
        "coverage_oos": 0.7990074441687345
      },
      "calibration": {
        "method": "out_of_sample_chronological",
        "fit_fraction": 0.7,
        "fit_n": 938,
        "check_n": 403
      }
    },
    "7": {
      "n": 1341,
      "80": {
        "width_lo": -243197.96939882822,
        "width_hi": 210842.64409960806,
        "coverage_oos": 0.9429280397022333
      },
      "50": {
        "width_lo": -88190.60039021308,
        "width_hi": 65522.38043566421,
        "coverage_oos": 0.8039702233250621
      },
      "calibration": {
        "method": "out_of_sample_chronological",
        "fit_fraction": 0.7,
        "fit_n": 938,
        "check_n": 403
      }
    },
    "8": {
      "n": 1341,
      "80": {
        "width_lo": -245569.60218930733,
        "width_hi": 213987.18772704573,
        "coverage_oos": 0.9404466501240695
      },
      "50": {
        "width_lo": -83358.0199831815,
        "width_hi": 63267.75312518893,
        "coverage_oos": 0.8163771712158809
      },
      "calibration": {
        "method": "out_of_sample_chronological",
        "fit_fraction": 0.7,
        "fit_n": 938,
        "check_n": 403
      }
    },
    "9": {
      "n": 1341,
      "80": {
        "width_lo": -245540.17019400885,
        "width_hi": 226678.4980468112,
        "coverage_oos": 0.9429280397022333
      },
      "50": {
        "width_lo": -89107.84805358015,
        "width_hi": 60675.17300024128,
        "coverage_oos": 0.8114143920595533
      },
      "calibration": {
        "method": "out_of_sample_chronological",
        "fit_fraction": 0.7,
        "fit_n": 938,
        "check_n": 403
      }
    },
    "10": {
      "n": 1341,
      "80": {
        "width_lo": -240257.89477205696,
        "width_hi": 223091.87292015512,
        "coverage_oos": 0.9379652605459057
      },
      "50": {
        "width_lo": -80675.91825277859,
        "width_hi": 65699.07281596866,
        "coverage_oos": 0.8163771712158809
      },
      "calibration": {
        "method": "out_of_sample_chronological",
        "fit_fraction": 0.7,
        "fit_n": 938,
        "check_n": 403
      }
    },
    "11": {
      "n": 1341,
      "80": {
        "width_lo": -250778.32014725264,
        "width_hi": 225145.58219336183,
        "coverage_oos": 0.9305210918114144
      },
      "50": {
        "width_lo": -81486.08948718075,
        "width_hi": 65423.700241269195,
        "coverage_oos": 0.8089330024813896
      },
      "calibration": {
        "method": "out_of_sample_chronological",
        "fit_fraction": 0.7,
        "fit_n": 938,
        "check_n": 403
      }
    },
    "12": {
      "n": 1341,
      "80": {
        "width_lo": -256113.0103084654,
        "width_hi": 222069.94953328138,
        "coverage_oos": 0.9330024813895782
      },
      "50": {
        "width_lo": -81056.14719106164,
        "width_hi": 63365.633619969245,
        "coverage_oos": 0.8188585607940446
      },
      "calibration": {
        "method": "out_of_sample_chronological",
        "fit_fraction": 0.7,
        "fit_n": 938,
        "check_n": 403
      }
    },
    "13": {
      "n": 1341,
      "80": {
        "width_lo": -269233.9197215382,
        "width_hi": 234140.03884190135,
        "coverage_oos": 0.9379652605459057
      },
      "50": {
        "width_lo": -76020.79392135981,
        "width_hi": 65394.917516726826,
        "coverage_oos": 0.8014888337468983
      },
      "calibration": {
        "method": "out_of_sample_chronological",
        "fit_fraction": 0.7,
        "fit_n": 938,
        "check_n": 403
      }
    },
    "14": {
      "n": 1341,
      "80": {
        "width_lo": -267513.2127095037,
        "width_hi": 231348.3202786334,
        "coverage_oos": 0.9330024813895782
      },
      "50": {
        "width_lo": -76635.97569749271,
        "width_hi": 65728.48859677138,
        "coverage_oos": 0.8138957816377171
      },
      "calibration": {
        "method": "out_of_sample_chronological",
        "fit_fraction": 0.7,
        "fit_n": 938,
        "check_n": 403
      }
    },
    "15": {
      "n": 1341,
      "80": {
        "width_lo": -263182.951286925,
        "width_hi": 234835.74898939487,
        "coverage_oos": 0.9354838709677419
      },
      "50": {
        "width_lo": -77721.9591644099,
        "width_hi": 66967.5007760055,
        "coverage_oos": 0.8188585607940446
      },
      "calibration": {
        "method": "out_of_sample_chronological",
        "fit_fraction": 0.7,
        "fit_n": 938,
        "check_n": 403
      }
    },
    "16": {
      "n": 1341,
      "80": {
        "width_lo": -250262.3275879228,
        "width_hi": 220944.43114150874,
        "coverage_oos": 0.9280397022332506
      },
      "50": {
        "width_lo": -78132.8974950749,
        "width_hi": 66266.06893178128,
        "coverage_oos": 0.7866004962779156
      },
      "calibration": {
        "method": "out_of_sample_chronological",
        "fit_fraction": 0.7,
        "fit_n": 938,
        "check_n": 403
      }
    },
    "17": {
      "n": 1341,