{
  "model": "/home/runner/work/ton_fee_prediction/ton_fee_prediction/models/best_model.json",
  "best_model_name": "ridge_alpha_100",
  "best_r2": 0.5164370618829144,
  "best_mae": 519468.12869494164,
  "best_rmse": 623419.1894349036,
  "baseline_r2": -7580.689714321334,
  "baseline_mae": 55940899.12132095,
  "baseline_rmse": 78061459.26527844,
  "train_rows": 710,
  "test_rows": 178,
  "r2_improvement": 7581.206151383217,
  "mae_improvement": 55421430.992626004,
  "rmse_improvement": 77438040.07584354
}