{
  "model": "/home/runner/work/ton_fee_prediction/ton_fee_prediction/models/best_model.json",
  "best_model_name": "ridge_alpha_100",
  "best_r2": 0.7028354262530734,
  "best_mae": 358463.26864191843,
  "best_rmse": 464837.3693932877,
  "baseline_r2": -7930.919981999377,
  "baseline_mae": 39956822.2779303,
  "baseline_rmse": 75943687.34300232,
  "train_rows": 672,
  "test_rows": 168,
  "r2_improvement": 7931.62281742563,
  "mae_improvement": 39598359.00928838,
  "rmse_improvement": 75478849.97360903
}