{
  "model": "/home/runner/work/ton_fee_prediction/ton_fee_prediction/models/best_model.json",
  "best_model_name": "gradient_boosted_stumps_100_lr_0_05",
  "best_r2": 0.11260024782979372,
  "best_mae": 177796.9771980634,
  "best_rmse": 232867.46399071434,
  "baseline_r2": -0.19375538984365015,
  "baseline_mae": 201199.59671296898,
  "baseline_rmse": 270088.9613561838,
  "train_rows": 615,
  "test_rows": 154,
  "r2_improvement": 0.30635563767344387,
  "mae_improvement": 23402.619514905586,
  "rmse_improvement": 37221.49736546946
}