{
  "model": "/home/runner/work/ton_fee_prediction/ton_fee_prediction/models/best_model.json",
  "best_model_name": "ridge_alpha_100",
  "best_r2": 0.3376883282938037,
  "best_mae": 590775.0638129287,
  "best_rmse": 676540.936894885,
  "baseline_r2": -18456.470292752234,
  "baseline_mae": 89691156.46847154,
  "baseline_rmse": 112940307.35296418,
  "train_rows": 731,
  "test_rows": 183,
  "r2_improvement": 18456.80798108053,
  "mae_improvement": 89100381.40465862,
  "rmse_improvement": 112263766.4160693
}