{
  "model": "models/best_model.json",
  "best_model_name": "gradient_boosted_stumps_200_lr_0_03",
  "best_r2": 0.09864192746421929,
  "best_mae": 159700.65076625563,
  "best_rmse": 214550.78464008437,
  "train_rows": 580,
  "test_rows": 145
}