{
  "model": "models/best_model.json",
  "best_model_name": "ridge_alpha_100",
  "best_r2": 0.10761057300778831,
  "best_mae": 637228.751290392,
  "best_rmse": 700027.5869924865,
  "train_rows": 750,
  "test_rows": 188
}