{
  "model": "/home/runner/work/ton_fee_prediction/ton_fee_prediction/models/best_model.json",
  "best_model_name": "ridge_alpha_10",
  "best_r2": 0.7271542316814176,
  "best_mae": 388937.8984706354,
  "best_rmse": 479942.08696161944,
  "baseline_r2": -11680.612557362341,
  "baseline_mae": 63910193.669101395,
  "baseline_rmse": 99307402.6827685,
  "train_rows": 692,
  "test_rows": 174,
  "r2_improvement": 11681.339711594022,
  "mae_improvement": 63521255.77063076,
  "rmse_improvement": 98827460.59580688
}